,Permutations,FilePermutations
0,Background+Body_format+Colour+Extra,Blue.png+format.png+dark_purple.png+bored.png
1,Background+Body_format+Colour+Extra,Blue.png+format.png+dark_purple.png+chill.png
2,Background+Body_format+Colour+Extra,Blue.png+format.png+dark_purple.png+mad.png
3,Background+Body_format+Colour+Extra,Blue.png+format.png+red.png+bored.png
4,Background+Body_format+Colour+Extra,Blue.png+format.png+red.png+chill.png
5,Background+Body_format+Colour+Extra,Blue.png+format.png+red.png+mad.png
6,Background+Body_format+Colour+Extra,Blue.png+format.png+white.png+bored.png
7,Background+Body_format+Colour+Extra,Blue.png+format.png+white.png+chill.png
8,Background+Body_format+Colour+Extra,Blue.png+format.png+white.png+mad.png
9,Background+Body_format+Colour+Extra,Lime.png+format.png+dark_purple.png+bored.png
10,Background+Body_format+Colour+Extra,Lime.png+format.png+dark_purple.png+chill.png
11,Background+Body_format+Colour+Extra,Lime.png+format.png+dark_purple.png+mad.png
12,Background+Body_format+Colour+Extra,Lime.png+format.png+red.png+bored.png
13,Background+Body_format+Colour+Extra,Lime.png+format.png+red.png+chill.png
14,Background+Body_format+Colour+Extra,Lime.png+format.png+red.png+mad.png
15,Background+Body_format+Colour+Extra,Lime.png+format.png+white.png+bored.png
16,Background+Body_format+Colour+Extra,Lime.png+format.png+white.png+chill.png
17,Background+Body_format+Colour+Extra,Lime.png+format.png+white.png+mad.png
18,Background+Body_format+Colour+Extra,Yellow.png+format.png+dark_purple.png+bored.png
19,Background+Body_format+Colour+Extra,Yellow.png+format.png+dark_purple.png+chill.png
20,Background+Body_format+Colour+Extra,Yellow.png+format.png+dark_purple.png+mad.png
21,Background+Body_format+Colour+Extra,Yellow.png+format.png+red.png+bored.png
22,Background+Body_format+Colour+Extra,Yellow.png+format.png+red.png+chill.png
23,Background+Body_format+Colour+Extra,Yellow.png+format.png+red.png+mad.png
24,Background+Body_format+Colour+Extra,Yellow.png+format.png+white.png+bored.png
25,Background+Body_format+Colour+Extra,Yellow.png+format.png+white.png+chill.png
26,Background+Body_format+Colour+Extra,Yellow.png+format.png+white.png+mad.png
